{
  "calibration": {
    "platt_iforest": {
      "ece_before": 0.10765105574023646,
      "ece_after": 0.022148949877071
    },
    "platt_lstm": {
      "ece_before": 0.014474143894006131,
      "ece_after": 0.01431798242316204
    },
    "temperature_T_star": 1.0000245657879578,
    "T_at_boundary": false,
    "T_interpretation": "overconfident",
    "ece_before": 0.01431798242316204,
    "ece_after": 0.014317510224363221,
    "ensemble_strategy": "confidence_gated",
    "gating_delta": 0.65,
    "gating_alpha": 0.5,
    "gating_f1_zone_b": 0.9545934530095037,
    "gating_auc_zone_b": 0.9951689225298056,
    "w_iforest": 0.2,
    "w_lstm": 0.8,
    "weight_opt_metric": "F1+FPR_constraint (confidence-gated)",
    "threshold_youden": 0.9489444194806058,
    "threshold_drop_fixed": 0.5
  },
  "test_zone_c": {
    "n_windows": 1546,
    "n_normal": 1061,
    "n_attack": 485,
    "split_method": "stratified_chronological_per_class_last_20pct",
    "zone_c_fix_version": "v3",
    "leakage_free": true,
    "ensemble_drop_thresh": {
      "auc": 0.9966730472128026,
      "recall_attack": 0.9175257731958762,
      "false_alarm_normal": 0.008482563619227144,
      "recall_normal": 0.9915174363807728,
      "miss_attack": 0.08247422680412371,
      "f1": 0.9478168264110756,
      "n_attack_detected": 445,
      "n_attack_missed": 40,
      "n_normal_flagged": 9,
      "n_normal_accepted": 1052,
      "tpr_attack": 0.9175257731958762,
      "fpr_normal": 0.008482563619227144
    },
    "ensemble_youden_thresh": {
      "auc": 0.9966730472128026,
      "recall_attack": 0.9690721649484536,
      "false_alarm_normal": 0.03204524033930255,
      "recall_normal": 0.9679547596606974,
      "miss_attack": 0.030927835051546393,
      "f1": 0.9504550050556118,
      "n_attack_detected": 470,
      "n_attack_missed": 15,
      "n_normal_flagged": 34,
      "n_normal_accepted": 1027,
      "tpr_attack": 0.9690721649484536,
      "fpr_normal": 0.03204524033930255
    },
    "iforest_only": {
      "auc": 0.9897937172673125,
      "recall_attack": 0.9443298969072165,
      "false_alarm_normal": 0.02639019792648445,
      "recall_normal": 0.9736098020735156,
      "miss_attack": 0.05567010309278351,
      "f1": 0.9433573635427395,
      "n_attack_detected": 458,
      "n_attack_missed": 27,
      "n_normal_flagged": 28,
      "n_normal_accepted": 1033,
      "tpr_attack": 0.9443298969072165,
      "fpr_normal": 0.02639019792648445
    },
    "lstm_only": {
      "auc": 0.996255234800859,
      "recall_attack": 0.9195876288659793,
      "false_alarm_normal": 0.02544769085768143,
      "recall_normal": 0.9745523091423186,
      "miss_attack": 0.08041237113402062,
      "f1": 0.9311064718162839,
      "n_attack_detected": 446,
      "n_attack_missed": 39,
      "n_normal_flagged": 27,
      "n_normal_accepted": 1034,
      "tpr_attack": 0.9195876288659793,
      "fpr_normal": 0.02544769085768143
    },
    "metric_convention": "positive_class=attack(label=0) | probs=P(normal) | thresh on P(normal)",
    "ci_false_alarm_normal": [
      0.0039,
      0.016
    ],
    "ci_recall_attack": [
      0.8894,
      0.9404
    ],
    "ece_iforest": 0.02664301101329325,
    "ece_lstm": 0.022088925929567335,
    "ece_ensemble": 0.02208887251539592
  },
  "adversarial": {
    "method": "real_sequences_last_window_noised",
    "centroid_repeated": false,
    "reproducible": true,
    "seeds_used": [
      42,
      43,
      44,
      45,
      46,
      47
    ],
    "delta_auc_5pct": 0.0006607266049341032,
    "robust_overall": true,
    "results": {
      "\u00b11%": {
        "noise_level": 0.01,
        "auc": 0.9966827637805222,
        "tpr_attack": 0.9175257731958762,
        "fpr_normal": 0.008482563619227144,
        "robust": true,
        "seed": 42
      },
      "\u00b15%": {
        "noise_level": 0.05,
        "auc": 0.9960123206078685,
        "tpr_attack": 0.9216494845360824,
        "fpr_normal": 0.008482563619227144,
        "robust": true,
        "seed": 43
      },
      "\u00b110%": {
        "noise_level": 0.1,
        "auc": 0.9958490822701789,
        "tpr_attack": 0.9237113402061856,
        "fpr_normal": 0.008482563619227144,
        "robust": true,
        "seed": 44
      },
      "\u00b115%": {
        "noise_level": 0.15,
        "auc": 0.9946345113052266,
        "tpr_attack": 0.9134020618556701,
        "fpr_normal": 0.008482563619227144,
        "robust": true,
        "seed": 45
      },
      "\u00b120%": {
        "noise_level": 0.2,
        "auc": 0.994090383512928,
        "tpr_attack": 0.9092783505154639,
        "fpr_normal": 0.008482563619227144,
        "robust": true,
        "seed": 46
      },
      "\u00b130%": {
        "noise_level": 0.3,
        "auc": 0.9888045706734553,
        "tpr_attack": 0.8824742268041237,
        "fpr_normal": 0.008482563619227144,
        "robust": true,
        "seed": 47
      }
    }
  },
  "extended_metrics": {
    "auprc": {
      "iforest": 0.9616396499893872,
      "lstm": 0.9921994472879516,
      "ensemble": 0.9931540746012892,
      "delta_ens_vs_lstm": 0.0009546273133376193
    },
    "bhattacharyya_coefficient": {
      "iforest": 0.17696125295608367,
      "lstm": 0.2165469688533953,
      "ensemble": 0.178458882785117,
      "note": "BC\u21920 means perfect score-space separation"
    },
    "detection_delay_minutes": {
      "iforest": {
        "n_runs": 1,
        "n_detected": 1,
        "detection_rate": 1.0,
        "median_delay_min": 0.0,
        "p90_delay_min": 0.0,
        "early_detect_1w": 1
      },
      "lstm": {
        "n_runs": 1,
        "n_detected": 1,
        "detection_rate": 1.0,
        "median_delay_min": 0.0,
        "p90_delay_min": 0.0,
        "early_detect_1w": 1
      },
      "ensemble": {
        "n_runs": 1,
        "n_detected": 1,
        "detection_rate": 1.0,
        "median_delay_min": 0.0,
        "p90_delay_min": 0.0,
        "early_detect_1w": 1
      },
      "step_minutes": 10,
      "note": "window_delay * step_minutes; 1W-early = runs detected in \u22641 window"
    },
    "platt_calibration": {
      "iforest_ece_before": 0.10765105574023646,
      "iforest_ece_after": 0.022148949877071,
      "lstm_ece_before": 0.014474143894006131,
      "lstm_ece_after": 0.01431798242316204
    },
    "confidence_gating": {
      "delta": 0.65,
      "alpha": 0.5,
      "f1_zone_b": 0.9545934530095037,
      "auc_zone_b": 0.9951689225298056,
      "fpr_constraint": 0.03,
      "note": "\u03b4=agreement gap; \u03b1=IF veto weight (Case 2: LSTM alarms, IF says normal). Case 3 (IF alarms, LSTM says normal) always routes to LSTM \u2014 prevents IF's higher FPR contaminating normal windows. Calibrated on Zone B with FPR_norm \u2264 3% constraint."
    }
  },
  "iforest_advantage_scenarios": {
    "S1_cold_start": {
      "n_windows": 1,
      "note": "insufficient"
    },
    "S2_flooding_only": {
      "n_flooding": 102,
      "n_normal": 1061,
      "auc_iforest": 0.9914435142577295,
      "auc_lstm": 1.0,
      "delta_if_minus_lm": -0.008556485742270525,
      "iforest_wins": false,
      "interpretation": "Flooding is a volumetric anomaly detectable in a single window (g_A2(alert_freq)=5.604). No sequential context required; IForest is architecturally optimal for this attack type."
    },
    "S3_isolated_attacks": {
      "n_isolated": 1,
      "note": "insufficient"
    },
    "S4_early_slow_poisoning": {
      "n_first_windows_per_run": 5,
      "n_early_a5_windows": 5,
      "auc_iforest": 0.9934024505183789,
      "auc_lstm": 0.9898209236569274,
      "delta_if_minus_lm": 0.0035815268614515228,
      "iforest_wins": true,
      "interpretation": "IForest detects A5 from first window via inter-alert timing (g_A5(f4)=3.825). LSTM requires sequential buildup \u2014 structurally disadvantaged in early-detection regime."
    },
    "S5_high_noise": {
      "\u00b120%": {
        "ensemble_auc": 0.994090383512928,
        "ensemble_tpr": 0.9092783505154639,